nama produk,harga,seller,lokasi,terjual,rating
"Seblak Rafael, Seblak Coet Instan Halal",Rp25.000,Brother Meat Shop,Depok,250+ terjual,4.9
Seblak Instan,Rp8.000,ROEMAH MOSLEM,Kab. Boyolali,50+ terjual,5.0
KERUPUK MENTAH KERUPUK SEBLAK MENTAH 500 GR,Rp12.500,BociKakang,Jakarta Selatan,100+ terjual,4.9
Kerupuk Bawang Prima / Krupuk Seblak 500gram,Rp17.500,Parengge Rengge bumbu & rempah,Jakarta Timur,5 terjual,5.0
KERUPUK SEBLAK PEDAS DAUN JERUK 100 GR,Rp4.500,BociKakang,Jakarta Selatan,500+ terjual,4.8
"Seblak Rafael, Seblak Coet Instan Halal",Rp25.000,Brother Meat Shop,Depok,250+ terjual,4.9
Seblak Instan Pedas Home Made,Rp3.500,the Dhecip,Tangerang Selatan,3rb+ terjual,4.9
SAMBAL SEBLAK BY MAMANG RAFAEL ORIGINAL HALAL VIRAALLL,Rp39.000,Beauty DELUXE,Jakarta Barat,17 terjual,5.0
Kerupuk Seblak Rafael Pedas / Seblak Mawar Pedes - Duo Bocil Snack,Rp15.000,DUO BOCIL SNACK,Depok,80+ terjual,5.0
seblak frozen,Rp10.400,pelangi girls naget,Jakarta Timur,2rb+ terjual,4.9
Seblak Instan Pedas Home Made,Rp3.500,the Dhecip,Tangerang Selatan,3rb+ terjual,4.9
"Seblak Rafael, Seblak Coet Instan Halal",Rp25.000,Brother Meat Shop,Depok,250+ terjual,4.9
SEBLAK INSTANT TERMURAH,Rp4.450,Pusat Cuankie & Cemilan Frozen,Jakarta Timur,10rb+ terjual,4.8
SEBLAK INSTAN MAMANG TERMURAH,Rp4.200,global cookware1,Jakarta Barat,250+ terjual,4.9
"Kylafood Seblak Cup Instan, Halal",Rp11.500,Brother Meat Shop,Depok,80+ terjual,5.0
KERUPUK SEBLAK PEDAS / KRUPUK SEBLAK KERING DAUN JERUK PEDES,Rp25.000,LEGIT SNACK,Jakarta Barat,40+ terjual,5.0
SEBRING KRUPUK KERUPUK SEBLAK KERING PEDAS DAUN JERUK 1KG CABE ASLI,Rp16.000,Aydaa Snack,Surakarta,80+ terjual,4.9
"BATAGOR MINI KERING 100 PCS TOPING BASO ACI, SEBLAK DAN MIE INSTAN",Rp10.000,global cookware1,Jakarta Barat,750+ terjual,4.9
Kerupuk Seblak kering pedas RIKI,Rp8.800,Van Kios,Bandung,1rb+ terjual,4.9
"seblak kering pedas 250 gr/seblak kencur/kerupuk seblak,enak dan gurih",Rp9.999,aghniya,Tangerang Selatan,500+ terjual,4.8
SAMBAL SEBLAK BY MAMANG RAFAEL ORIGINAL HALAL VIRAALLL,Rp39.000,Beauty DELUXE,Jakarta Barat,17 terjual,5.0
"Seblak Rafael, Seblak Coet Instan Halal",Rp25.000,Brother Meat Shop,Depok,250+ terjual,4.9
Kerupuk Seblak Rafael Pedas / Seblak Mawar Pedes - Duo Bocil Snack,Rp15.000,DUO BOCIL SNACK,Depok,80+ terjual,5.0
Seblak RAFAEL | Seblak MAMANG RAFAEL | Seblak Viral ORIGINAL TATANGGA,Rp39.500,Beauty DELUXE,Jakarta Barat,25 terjual,5.0
Gelifood Seblak Instan Kerupuk Mawar Bumbu Kencur Rafael Pedas Gurih,Rp15.000,Lidigeli,Kab. Garut,250+ terjual,4.9
Seblak Instan Pedas Home Made,Rp3.500,the Dhecip,Tangerang Selatan,3rb+ terjual,4.9
"Seblak Rafael, Seblak Coet Instan Halal",Rp25.000,Brother Meat Shop,Depok,250+ terjual,4.9
SEBLAK INSTANT TERMURAH,Rp4.450,Pusat Cuankie & Cemilan Frozen,Jakarta Timur,10rb+ terjual,4.8
SEBLAK INSTAN MAMANG TERMURAH,Rp4.200,global cookware1,Jakarta Barat,250+ terjual,4.9
"Kylafood Seblak Cup Instan, Halal",Rp11.500,Brother Meat Shop,Depok,80+ terjual,5.0
"seblak kering pedas 250 gr/seblak kencur/kerupuk seblak,enak dan gurih",Rp9.999,aghniya,Tangerang Selatan,500+ terjual,4.8
Gelifood Seblak Instan Kerupuk Mawar Bumbu Kencur Rafael Pedas Gurih,Rp15.000,Lidigeli,Kab. Garut,250+ terjual,4.9
"keripik beling/kaca 1/2 kg. bumbu seblak daun jeruk enak, gurih, pedas",Rp25.999,aghniya,Tangerang Selatan,250+ terjual,4.9
Seblak Instan Pedas Home Made,Rp3.500,the Dhecip,Tangerang Selatan,3rb+ terjual,4.9
seblak / paket seblak bumbu komplit pedas ekonomis,Rp3.479,Grosir Putra Bdg,Kab. Bandung,250+ terjual,4.8
kerupuk seblak mentah,Rp5.000,Sembakofariz,Bandung,2 terjual,5.0
KERUPUK PEDAS KRIWIL BANTAT ISI 250gr KRITING SEMBRING SEBLAK MAWAR,Rp17.248,AHR Jaya Snack,Jakarta Timur,60+ terjual,5.0
Kerupuk Kepang/Rantai Mentah Warna Warni Merk Singa Kerupuk Seblak  - 250gr,Rp7.000,Djuragan Kerupuk,Surabaya,7 terjual,0
Seblak Sultan instant,Rp14.000,Sultan Meat Shop,Medan,250+ terjual,4.8
SEBLAK KERING 100gr DUA VARIAN RASA,Rp4.500,jajanangarut19,Jakarta Selatan,250+ terjual,4.7
Kerupuk SEBLAK KERITING PEDAS,Rp20.000,KRIUK JAYA,Jakarta Barat,100+ terjual,4.9
kerupuk seblak pedas / kerupuk jablay,Rp15.000,CAMILLANS,Jakarta Selatan,21 terjual,4.9
"seblak ceker 1 kg pedas daun jeruk, gurih,cemilan bikin nagih",Rp35.999,aghniya,Tangerang Selatan,50+ terjual,5.0
seblak instan jeletot jajanan hits bandung 1 porsi,Rp4.180,tokomakanankalimantan,Jakarta Barat,1rb+ terjual,4.8
KERUPUK/KRUPUK SEBLAK RASA PEDAS TERLARIS ISI 250 GRAM NETT,Rp16.695,Toko kue Sumber Mas,Jakarta Timur,250+ terjual,4.9
Seblak Instan Pedas Home Made,Rp3.500,the Dhecip,Tangerang Selatan,3rb+ terjual,4.9
"Seblak Rafael, Seblak Coet Instan Halal",Rp25.000,Brother Meat Shop,Depok,250+ terjual,4.9
SEBLAK INSTANT TERMURAH,Rp4.450,Pusat Cuankie & Cemilan Frozen,Jakarta Timur,10rb+ terjual,4.8
SEBLAK INSTAN MAMANG TERMURAH,Rp4.200,global cookware1,Jakarta Barat,250+ terjual,4.9
"Kylafood Seblak Cup Instan, Halal",Rp11.500,Brother Meat Shop,Depok,80+ terjual,5.0
KERUPUK SEBLAK PEDAS / KRUPUK SEBLAK KERING DAUN JERUK PEDES,Rp25.000,LEGIT SNACK,Jakarta Barat,40+ terjual,5.0
SEBRING KRUPUK KERUPUK SEBLAK KERING PEDAS DAUN JERUK 1KG CABE ASLI,Rp16.000,Aydaa Snack,Surakarta,80+ terjual,4.9
"BATAGOR MINI KERING 100 PCS TOPING BASO ACI, SEBLAK DAN MIE INSTAN",Rp10.000,global cookware1,Jakarta Barat,750+ terjual,4.9
Kerupuk Seblak kering pedas RIKI,Rp8.800,Van Kios,Bandung,1rb+ terjual,4.9
"seblak kering pedas 250 gr/seblak kencur/kerupuk seblak,enak dan gurih",Rp9.999,aghniya,Tangerang Selatan,500+ terjual,4.8
SAMBAL SEBLAK BY MAMANG RAFAEL ORIGINAL HALAL VIRAALLL,Rp39.000,Beauty DELUXE,Jakarta Barat,17 terjual,5.0
"Seblak Rafael, Seblak Coet Instan Halal",Rp25.000,Brother Meat Shop,Depok,250+ terjual,4.9
Kerupuk Seblak Rafael Pedas / Seblak Mawar Pedes - Duo Bocil Snack,Rp15.000,DUO BOCIL SNACK,Depok,80+ terjual,5.0
Seblak RAFAEL | Seblak MAMANG RAFAEL | Seblak Viral ORIGINAL TATANGGA,Rp39.500,Beauty DELUXE,Jakarta Barat,25 terjual,5.0
Gelifood Seblak Instan Kerupuk Mawar Bumbu Kencur Rafael Pedas Gurih,Rp15.000,Lidigeli,Kab. Garut,250+ terjual,4.9
Seblak Instan Pedas Home Made,Rp3.500,the Dhecip,Tangerang Selatan,3rb+ terjual,4.9
"Seblak Rafael, Seblak Coet Instan Halal",Rp25.000,Brother Meat Shop,Depok,250+ terjual,4.9
SEBLAK INSTANT TERMURAH,Rp4.450,Pusat Cuankie & Cemilan Frozen,Jakarta Timur,10rb+ terjual,4.8
SEBLAK INSTAN MAMANG TERMURAH,Rp4.200,global cookware1,Jakarta Barat,250+ terjual,4.9
"Kylafood Seblak Cup Instan, Halal",Rp11.500,Brother Meat Shop,Depok,80+ terjual,5.0
"seblak kering pedas 250 gr/seblak kencur/kerupuk seblak,enak dan gurih",Rp9.999,aghniya,Tangerang Selatan,500+ terjual,4.8
Gelifood Seblak Instan Kerupuk Mawar Bumbu Kencur Rafael Pedas Gurih,Rp15.000,Lidigeli,Kab. Garut,250+ terjual,4.9
"keripik beling/kaca 1/2 kg. bumbu seblak daun jeruk enak, gurih, pedas",Rp25.999,aghniya,Tangerang Selatan,250+ terjual,4.9
Seblak Instan Pedas Home Made,Rp3.500,the Dhecip,Tangerang Selatan,3rb+ terjual,4.9
seblak / paket seblak bumbu komplit pedas ekonomis,Rp3.479,Grosir Putra Bdg,Kab. Bandung,250+ terjual,4.8
SEBLAK INSTAN PEDAS DAN GURIH,Rp4.999,Indhymarket,Depok,0,0
Kylafood Mix Fav Selebgram Seblak Original & Batagor kuah,Rp40.000,kylafood,Bandung,60+ terjual,4.6
Seblak kering pedas daun jeruk 1/2 kg,Rp30.000,maherashop,Bandung,0,0
"Kylafood Paket ( Seblak Original, Batagor, Cireng Rujak, Boci Goang)",Rp71.250,kylafood,Bandung,500+ terjual,4.9
Bundle - Basranger Seblak | Baso Aci Extra Pedas | Tulang Rangu,Rp56.300,Rak Sebelah,Jakarta Pusat,100+ terjual,4.9
Geli Food Seblak Ceker Tanpa Tulang Super Pedas 180gr,Rp24.000,Lidigeli,Kab. Garut,70+ terjual,5.0
Seblak Instan Viral Sajodo Snack,Rp19.500,NS Food Store,Jakarta Barat,100+ terjual,4.9
10 Pcs - Indomie HypeAbis Rasa Seblak Hot Jeletot,Rp31.900,Indomie Official Store,Dilayani Tokopedia,5rb+ terjual,4.8
SEBLAK COBEK VIRAL ALA RAFAEL DIJAMIN ENAK,Rp6.000,Uai Food,Surabaya,80+ terjual,4.7
Kerupuk Seblak Kencur / Seblak Jablay Viral @100-500gr,Rp9.000,Toko Camilan Anyar,Surabaya,90+ terjual,4.9
Seblak Instan Pedas Home Made,Rp3.500,the Dhecip,Tangerang Selatan,3rb+ terjual,4.9
"Seblak Rafael, Seblak Coet Instan Halal",Rp25.000,Brother Meat Shop,Depok,250+ terjual,4.9
SEBLAK INSTANT TERMURAH,Rp4.450,Pusat Cuankie & Cemilan Frozen,Jakarta Timur,10rb+ terjual,4.8
SEBLAK INSTAN MAMANG TERMURAH,Rp4.200,global cookware1,Jakarta Barat,250+ terjual,4.9
"Kylafood Seblak Cup Instan, Halal",Rp11.500,Brother Meat Shop,Depok,80+ terjual,5.0
KERUPUK SEBLAK PEDAS / KRUPUK SEBLAK KERING DAUN JERUK PEDES,Rp25.000,LEGIT SNACK,Jakarta Barat,40+ terjual,5.0
SEBRING KRUPUK KERUPUK SEBLAK KERING PEDAS DAUN JERUK 1KG CABE ASLI,Rp16.000,Aydaa Snack,Surakarta,80+ terjual,4.9
"BATAGOR MINI KERING 100 PCS TOPING BASO ACI, SEBLAK DAN MIE INSTAN",Rp10.000,global cookware1,Jakarta Barat,750+ terjual,4.9
Kerupuk Seblak kering pedas RIKI,Rp8.800,Van Kios,Bandung,1rb+ terjual,4.9
"seblak kering pedas 250 gr/seblak kencur/kerupuk seblak,enak dan gurih",Rp9.999,aghniya,Tangerang Selatan,500+ terjual,4.8
SAMBAL SEBLAK BY MAMANG RAFAEL ORIGINAL HALAL VIRAALLL,Rp39.000,Beauty DELUXE,Jakarta Barat,17 terjual,5.0
"Seblak Rafael, Seblak Coet Instan Halal",Rp25.000,Brother Meat Shop,Depok,250+ terjual,4.9
Kerupuk Seblak Rafael Pedas / Seblak Mawar Pedes - Duo Bocil Snack,Rp15.000,DUO BOCIL SNACK,Depok,80+ terjual,5.0
Seblak RAFAEL | Seblak MAMANG RAFAEL | Seblak Viral ORIGINAL TATANGGA,Rp39.500,Beauty DELUXE,Jakarta Barat,25 terjual,5.0
Gelifood Seblak Instan Kerupuk Mawar Bumbu Kencur Rafael Pedas Gurih,Rp15.000,Lidigeli,Kab. Garut,250+ terjual,4.9
Seblak Instan Pedas Home Made,Rp3.500,the Dhecip,Tangerang Selatan,3rb+ terjual,4.9
"Seblak Rafael, Seblak Coet Instan Halal",Rp25.000,Brother Meat Shop,Depok,250+ terjual,4.9
SEBLAK INSTANT TERMURAH,Rp4.450,Pusat Cuankie & Cemilan Frozen,Jakarta Timur,10rb+ terjual,4.8
SEBLAK INSTAN MAMANG TERMURAH,Rp4.200,global cookware1,Jakarta Barat,250+ terjual,4.9
"Kylafood Seblak Cup Instan, Halal",Rp11.500,Brother Meat Shop,Depok,80+ terjual,5.0
"seblak kering pedas 250 gr/seblak kencur/kerupuk seblak,enak dan gurih",Rp9.999,aghniya,Tangerang Selatan,500+ terjual,4.8
Gelifood Seblak Instan Kerupuk Mawar Bumbu Kencur Rafael Pedas Gurih,Rp15.000,Lidigeli,Kab. Garut,250+ terjual,4.9
"keripik beling/kaca 1/2 kg. bumbu seblak daun jeruk enak, gurih, pedas",Rp25.999,aghniya,Tangerang Selatan,250+ terjual,4.9
Seblak Instan Pedas Home Made,Rp3.500,the Dhecip,Tangerang Selatan,3rb+ terjual,4.9
seblak / paket seblak bumbu komplit pedas ekonomis,Rp3.479,Grosir Putra Bdg,Kab. Bandung,250+ terjual,4.8
SEBLAK ACI JAGUAR TERLEZAT BASO ACI BAKSO ACI NIKMAT BELI 5 GRATIS 1 - Seblak Aci Keju,Rp10.000,Uai Food,Surabaya,750+ terjual,4.8
Kylafood Seblak Rempah Autentik isi (10pcs),Rp87.200,kylafood,Bandung,50+ terjual,4.9
SEBLAK ACI JAGUAR BASO ACI BAKSO ACI NIKMAT BELI 5 GRATIS 1,Rp10.000,Uai Food,Surabaya,30+ terjual,4.4
Kylafood Seblak Rempah Autentik isi (20 pcs),Rp209.280,kylafood,Bandung,11 terjual,5.0
cuanki lidah asli garut isi 150 pcs,Rp32.000,kira3arut,Kab. Garut,10rb+ terjual,4.9
Kerupuk Orange 250 gr Krupuk Sumber Sari Seblak Sumbersari Oren Merah,Rp6.500,Celikafood,Bandung,100+ terjual,4.9
KRUPUK KREBO 180GR/KRUPUK KRIBO SEBLAK PEDAS/CEMILAN MURAH/SNAC KILOAN,Rp11.500,Agen Snack Murah,Jakarta Barat,100+ terjual,4.8
KERUPUK SEBLAK MENTAH ANEKA WARNA,Rp11.500,jajanangarut19,Jakarta Selatan,250+ terjual,4.8
Seblak Instan Carla 100gr,Rp14.000,3Key Frozen,Tangerang,30+ terjual,5.0
"(COD) seblak kering kerupuk jengkol bumbu basah,pedas",Rp25.000,anugrah seblak,Kab. Bandung,40+ terjual,4.8
Seblak Instan Pedas Home Made,Rp3.500,the Dhecip,Tangerang Selatan,3rb+ terjual,4.9
"Seblak Rafael, Seblak Coet Instan Halal",Rp25.000,Brother Meat Shop,Depok,250+ terjual,4.9
SEBLAK INSTANT TERMURAH,Rp4.450,Pusat Cuankie & Cemilan Frozen,Jakarta Timur,10rb+ terjual,4.8
SEBLAK INSTAN MAMANG TERMURAH,Rp4.200,global cookware1,Jakarta Barat,250+ terjual,4.9
"Kylafood Seblak Cup Instan, Halal",Rp11.500,Brother Meat Shop,Depok,80+ terjual,5.0
KERUPUK SEBLAK PEDAS / KRUPUK SEBLAK KERING DAUN JERUK PEDES,Rp25.000,LEGIT SNACK,Jakarta Barat,40+ terjual,5.0
SEBRING KRUPUK KERUPUK SEBLAK KERING PEDAS DAUN JERUK 1KG CABE ASLI,Rp16.000,Aydaa Snack,Surakarta,80+ terjual,4.9
"BATAGOR MINI KERING 100 PCS TOPING BASO ACI, SEBLAK DAN MIE INSTAN",Rp10.000,global cookware1,Jakarta Barat,750+ terjual,4.9
Kerupuk Seblak kering pedas RIKI,Rp8.800,Van Kios,Bandung,1rb+ terjual,4.9
"seblak kering pedas 250 gr/seblak kencur/kerupuk seblak,enak dan gurih",Rp9.999,aghniya,Tangerang Selatan,500+ terjual,4.8
SAMBAL SEBLAK BY MAMANG RAFAEL ORIGINAL HALAL VIRAALLL,Rp39.000,Beauty DELUXE,Jakarta Barat,17 terjual,5.0
"Seblak Rafael, Seblak Coet Instan Halal",Rp25.000,Brother Meat Shop,Depok,250+ terjual,4.9
Kerupuk Seblak Rafael Pedas / Seblak Mawar Pedes - Duo Bocil Snack,Rp15.000,DUO BOCIL SNACK,Depok,80+ terjual,5.0
Seblak RAFAEL | Seblak MAMANG RAFAEL | Seblak Viral ORIGINAL TATANGGA,Rp39.500,Beauty DELUXE,Jakarta Barat,25 terjual,5.0
Gelifood Seblak Instan Kerupuk Mawar Bumbu Kencur Rafael Pedas Gurih,Rp15.000,Lidigeli,Kab. Garut,250+ terjual,4.9
Seblak Instan Pedas Home Made,Rp3.500,the Dhecip,Tangerang Selatan,3rb+ terjual,4.9
"Seblak Rafael, Seblak Coet Instan Halal",Rp25.000,Brother Meat Shop,Depok,250+ terjual,4.9
SEBLAK INSTANT TERMURAH,Rp4.450,Pusat Cuankie & Cemilan Frozen,Jakarta Timur,10rb+ terjual,4.8
SEBLAK INSTAN MAMANG TERMURAH,Rp4.200,global cookware1,Jakarta Barat,250+ terjual,4.9
"Kylafood Seblak Cup Instan, Halal",Rp11.500,Brother Meat Shop,Depok,80+ terjual,5.0
"seblak kering pedas 250 gr/seblak kencur/kerupuk seblak,enak dan gurih",Rp9.999,aghniya,Tangerang Selatan,500+ terjual,4.8
Gelifood Seblak Instan Kerupuk Mawar Bumbu Kencur Rafael Pedas Gurih,Rp15.000,Lidigeli,Kab. Garut,250+ terjual,4.9
"keripik beling/kaca 1/2 kg. bumbu seblak daun jeruk enak, gurih, pedas",Rp25.999,aghniya,Tangerang Selatan,250+ terjual,4.9
Seblak Instan Pedas Home Made,Rp3.500,the Dhecip,Tangerang Selatan,3rb+ terjual,4.9
seblak / paket seblak bumbu komplit pedas ekonomis,Rp3.479,Grosir Putra Bdg,Kab. Bandung,250+ terjual,4.8
Sriping Keripik Pisang Madu,Rp25.000,Pisang Goreng Madu Bu Nanik,Jakarta Barat,750+ terjual,4.8
Emping Balado 130g,Rp13.500,oke snack,Jakarta Selatan,100+ terjual,4.9
Keripik Singkong Balado Christine Hakim,Rp36.000,Pisang Goreng Madu Bu Nanik,Jakarta Barat,2rb+ terjual,4.9
cemilan keripik tahu,Rp36.500,oke snack,Jakarta Selatan,100+ terjual,4.9
Cimol Bojot Pedas Cilok Goreng Bumbu Pedas Bubuk Cimol Cikruh Bawang,Rp6.652,Berkah Food Bandung,Cimahi,1rb+ terjual,4.9
Kylafood Seblak Tulang Rawan Play,Rp19.600,kylafood,Bandung,500+ terjual,4.9
SEBLAK CIRENG SHAZA SEBLAK INSTAN,Rp12.000,Dingdong Food,Tangerang Selatan,70+ terjual,4.9
SEBLAK KERING 100gr DUA VARIAN RASA,Rp4.500,jajanangarut19,Jakarta Selatan,250+ terjual,4.7
Sebring seblak kering,Rp4.444,tsr1997,Depok,100+ terjual,4.8
MASJAY Combo 3pcs Seblak Bandung Instant Bumbu Pedas Membara,Rp44.000,Lidigeli,Kab. Garut,30+ terjual,4.8
Seblak Instan Pedas Home Made,Rp3.500,the Dhecip,Tangerang Selatan,3rb+ terjual,4.9
"Seblak Rafael, Seblak Coet Instan Halal",Rp25.000,Brother Meat Shop,Depok,250+ terjual,4.9
SEBLAK INSTANT TERMURAH,Rp4.450,Pusat Cuankie & Cemilan Frozen,Jakarta Timur,10rb+ terjual,4.8
SEBLAK INSTAN MAMANG TERMURAH,Rp4.200,global cookware1,Jakarta Barat,250+ terjual,4.9
"Kylafood Seblak Cup Instan, Halal",Rp11.500,Brother Meat Shop,Depok,80+ terjual,5.0
KERUPUK SEBLAK PEDAS / KRUPUK SEBLAK KERING DAUN JERUK PEDES,Rp25.000,LEGIT SNACK,Jakarta Barat,40+ terjual,5.0
SEBRING KRUPUK KERUPUK SEBLAK KERING PEDAS DAUN JERUK 1KG CABE ASLI,Rp16.000,Aydaa Snack,Surakarta,80+ terjual,4.9
"BATAGOR MINI KERING 100 PCS TOPING BASO ACI, SEBLAK DAN MIE INSTAN",Rp10.000,global cookware1,Jakarta Barat,750+ terjual,4.9
Kerupuk Seblak kering pedas RIKI,Rp8.800,Van Kios,Bandung,1rb+ terjual,4.9
"seblak kering pedas 250 gr/seblak kencur/kerupuk seblak,enak dan gurih",Rp9.999,aghniya,Tangerang Selatan,500+ terjual,4.8
SAMBAL SEBLAK BY MAMANG RAFAEL ORIGINAL HALAL VIRAALLL,Rp39.000,Beauty DELUXE,Jakarta Barat,17 terjual,5.0
"Seblak Rafael, Seblak Coet Instan Halal",Rp25.000,Brother Meat Shop,Depok,250+ terjual,4.9
Kerupuk Seblak Rafael Pedas / Seblak Mawar Pedes - Duo Bocil Snack,Rp15.000,DUO BOCIL SNACK,Depok,80+ terjual,5.0
Seblak RAFAEL | Seblak MAMANG RAFAEL | Seblak Viral ORIGINAL TATANGGA,Rp39.500,Beauty DELUXE,Jakarta Barat,25 terjual,5.0
Gelifood Seblak Instan Kerupuk Mawar Bumbu Kencur Rafael Pedas Gurih,Rp15.000,Lidigeli,Kab. Garut,250+ terjual,4.9
Seblak Instan Pedas Home Made,Rp3.500,the Dhecip,Tangerang Selatan,3rb+ terjual,4.9
"Seblak Rafael, Seblak Coet Instan Halal",Rp25.000,Brother Meat Shop,Depok,250+ terjual,4.9
SEBLAK INSTANT TERMURAH,Rp4.450,Pusat Cuankie & Cemilan Frozen,Jakarta Timur,10rb+ terjual,4.8
SEBLAK INSTAN MAMANG TERMURAH,Rp4.200,global cookware1,Jakarta Barat,250+ terjual,4.9
"Kylafood Seblak Cup Instan, Halal",Rp11.500,Brother Meat Shop,Depok,80+ terjual,5.0
"seblak kering pedas 250 gr/seblak kencur/kerupuk seblak,enak dan gurih",Rp9.999,aghniya,Tangerang Selatan,500+ terjual,4.8
Gelifood Seblak Instan Kerupuk Mawar Bumbu Kencur Rafael Pedas Gurih,Rp15.000,Lidigeli,Kab. Garut,250+ terjual,4.9
"keripik beling/kaca 1/2 kg. bumbu seblak daun jeruk enak, gurih, pedas",Rp25.999,aghniya,Tangerang Selatan,250+ terjual,4.9
Seblak Instan Pedas Home Made,Rp3.500,the Dhecip,Tangerang Selatan,3rb+ terjual,4.9
seblak / paket seblak bumbu komplit pedas ekonomis,Rp3.479,Grosir Putra Bdg,Kab. Bandung,250+ terjual,4.8
GFS Seblak Basah Instan Original - Tinggal Seduh 3 Menit Langsung Siap,Rp16.618,Lakoca Official Shop,Cimahi,100+ terjual,4.9
KERUPUK PEDAS KRIWIL 500gr / KRUPUK SEBLAK SUPER PEDAS,Rp32.200,AHR Jaya Snack,Jakarta Timur,9 terjual,5.0
Yasnack Kerupuk Seblak Rafael Pedas Cikruh Gurih 500 gr,Rp28.900,YasnackID,Bandung,17 terjual,5.0
SEBLAKKU Pedas Gurih by Ny. Entin,Rp14.000,Ny Entin Foods,Bandung,100+ terjual,4.8
seblak kerupuk bantet pedas 250gram - kerupuk bantet seblak pedas,Rp16.000,Jajanan Bandung 17,Bandung,11 terjual,3.8
Kerupuk SEBLAK KERITING PEDAS ( 1 Kg ),Rp79.000,KRIUK JAYA,Jakarta Barat,9 terjual,5.0
3 SEBLAK FREE BASO ACI,Rp63.000,Sajodo Snack & Food,Tasikmalaya,30+ terjual,5.0
KERUPUK OREN 1KG TOPPING SEBLAK,Rp19.000,Pusat Cuankie & Cemilan Frozen,Jakarta Timur,30+ terjual,5.0
kerupuk bawang pedas seblak plastik 250gr,Rp26.500,DRSukses,Jakarta Selatan,17 terjual,5.0
Seblak Instant Homemade,Rp14.000,Tea78,Tangerang,21 terjual,5.0
Seblak Instan Pedas Home Made,Rp3.500,the Dhecip,Tangerang Selatan,3rb+ terjual,4.9
"Seblak Rafael, Seblak Coet Instan Halal",Rp25.000,Brother Meat Shop,Depok,250+ terjual,4.9
SEBLAK INSTANT TERMURAH,Rp4.450,Pusat Cuankie & Cemilan Frozen,Jakarta Timur,10rb+ terjual,4.8
SEBLAK INSTAN MAMANG TERMURAH,Rp4.200,global cookware1,Jakarta Barat,250+ terjual,4.9
"Kylafood Seblak Cup Instan, Halal",Rp11.500,Brother Meat Shop,Depok,80+ terjual,5.0
KERUPUK SEBLAK PEDAS / KRUPUK SEBLAK KERING DAUN JERUK PEDES,Rp25.000,LEGIT SNACK,Jakarta Barat,40+ terjual,5.0
SEBRING KRUPUK KERUPUK SEBLAK KERING PEDAS DAUN JERUK 1KG CABE ASLI,Rp16.000,Aydaa Snack,Surakarta,80+ terjual,4.9
"BATAGOR MINI KERING 100 PCS TOPING BASO ACI, SEBLAK DAN MIE INSTAN",Rp10.000,global cookware1,Jakarta Barat,750+ terjual,4.9
Kerupuk Seblak kering pedas RIKI,Rp8.800,Van Kios,Bandung,1rb+ terjual,4.9
"seblak kering pedas 250 gr/seblak kencur/kerupuk seblak,enak dan gurih",Rp9.999,aghniya,Tangerang Selatan,500+ terjual,4.8
SAMBAL SEBLAK BY MAMANG RAFAEL ORIGINAL HALAL VIRAALLL,Rp39.000,Beauty DELUXE,Jakarta Barat,17 terjual,5.0
"Seblak Rafael, Seblak Coet Instan Halal",Rp25.000,Brother Meat Shop,Depok,250+ terjual,4.9
Kerupuk Seblak Rafael Pedas / Seblak Mawar Pedes - Duo Bocil Snack,Rp15.000,DUO BOCIL SNACK,Depok,80+ terjual,5.0
Seblak RAFAEL | Seblak MAMANG RAFAEL | Seblak Viral ORIGINAL TATANGGA,Rp39.500,Beauty DELUXE,Jakarta Barat,25 terjual,5.0
Gelifood Seblak Instan Kerupuk Mawar Bumbu Kencur Rafael Pedas Gurih,Rp15.000,Lidigeli,Kab. Garut,250+ terjual,4.9
Seblak Instan Pedas Home Made,Rp3.500,the Dhecip,Tangerang Selatan,3rb+ terjual,4.9
"Seblak Rafael, Seblak Coet Instan Halal",Rp25.000,Brother Meat Shop,Depok,250+ terjual,4.9
SEBLAK INSTANT TERMURAH,Rp4.450,Pusat Cuankie & Cemilan Frozen,Jakarta Timur,10rb+ terjual,4.8
SEBLAK INSTAN MAMANG TERMURAH,Rp4.200,global cookware1,Jakarta Barat,250+ terjual,4.9
"Kylafood Seblak Cup Instan, Halal",Rp11.500,Brother Meat Shop,Depok,80+ terjual,5.0
"seblak kering pedas 250 gr/seblak kencur/kerupuk seblak,enak dan gurih",Rp9.999,aghniya,Tangerang Selatan,500+ terjual,4.8
Gelifood Seblak Instan Kerupuk Mawar Bumbu Kencur Rafael Pedas Gurih,Rp15.000,Lidigeli,Kab. Garut,250+ terjual,4.9
"keripik beling/kaca 1/2 kg. bumbu seblak daun jeruk enak, gurih, pedas",Rp25.999,aghniya,Tangerang Selatan,250+ terjual,4.9
Seblak Instan Pedas Home Made,Rp3.500,the Dhecip,Tangerang Selatan,3rb+ terjual,4.9
seblak / paket seblak bumbu komplit pedas ekonomis,Rp3.479,Grosir Putra Bdg,Kab. Bandung,250+ terjual,4.8
Seblak Kuah Instant Terciduk Khas Bandung Extra Mie Telur Best Seller,Rp18.700,Gerai Snack Official Shop,Kab. Tangerang,60+ terjual,4.5
Kerupuk seblak pedas,Rp15.000,MACALONI SNACK,Cimahi,7 terjual,5.0
Seblak Kering Gurih 65gram - Cikuran 65gr,Rp10.965,Lidigeli,Kab. Garut,100+ terjual,5.0
Kerupuk seblak - cemilan murah kaleastores,Rp13.500,kaleastores,Kab. Banyuwangi,0,0
Kylafood Seblak Original,Rp17.200,kylafood,Bandung,10rb+ terjual,4.9
Seblak instan,Rp11.000,Ghery Durian Shop,Jakarta Timur,100+ terjual,4.9
kerupuk seblak pedas 1 bungkus,Rp10.900,atwshop,Jakarta Selatan,14 terjual,5.0
Kylafood Seblak Mie Baso Sapi Play,Rp22.000,kylafood,Bandung,250+ terjual,4.9
CEMILAN BOX MAKARONI SPIRAL GELUNG KERUPUK SEBLAK STICK PANGSIT,Rp35.789,nyemilsaji,Kab. Bandung,750+ terjual,4.8
cuanki/cuankie lidah 100 pcs termurah khas Garut baso Aci/seblak boci,Rp32.999,ArfaOnlineShop,Tangerang,23 terjual,5.0
Seblak Instan Pedas Home Made,Rp3.500,the Dhecip,Tangerang Selatan,3rb+ terjual,4.9
"Seblak Rafael, Seblak Coet Instan Halal",Rp25.000,Brother Meat Shop,Depok,250+ terjual,4.9
SEBLAK INSTANT TERMURAH,Rp4.450,Pusat Cuankie & Cemilan Frozen,Jakarta Timur,10rb+ terjual,4.8
SEBLAK INSTAN MAMANG TERMURAH,Rp4.200,global cookware1,Jakarta Barat,250+ terjual,4.9
"Kylafood Seblak Cup Instan, Halal",Rp11.500,Brother Meat Shop,Depok,80+ terjual,5.0
KERUPUK SEBLAK PEDAS / KRUPUK SEBLAK KERING DAUN JERUK PEDES,Rp25.000,LEGIT SNACK,Jakarta Barat,40+ terjual,5.0
SEBRING KRUPUK KERUPUK SEBLAK KERING PEDAS DAUN JERUK 1KG CABE ASLI,Rp16.000,Aydaa Snack,Surakarta,80+ terjual,4.9
"BATAGOR MINI KERING 100 PCS TOPING BASO ACI, SEBLAK DAN MIE INSTAN",Rp10.000,global cookware1,Jakarta Barat,750+ terjual,4.9
Kerupuk Seblak kering pedas RIKI,Rp8.800,Van Kios,Bandung,1rb+ terjual,4.9
"seblak kering pedas 250 gr/seblak kencur/kerupuk seblak,enak dan gurih",Rp9.999,aghniya,Tangerang Selatan,500+ terjual,4.8
SAMBAL SEBLAK BY MAMANG RAFAEL ORIGINAL HALAL VIRAALLL,Rp39.000,Beauty DELUXE,Jakarta Barat,17 terjual,5.0
"Seblak Rafael, Seblak Coet Instan Halal",Rp25.000,Brother Meat Shop,Depok,250+ terjual,4.9
Kerupuk Seblak Rafael Pedas / Seblak Mawar Pedes - Duo Bocil Snack,Rp15.000,DUO BOCIL SNACK,Depok,80+ terjual,5.0
Seblak RAFAEL | Seblak MAMANG RAFAEL | Seblak Viral ORIGINAL TATANGGA,Rp39.500,Beauty DELUXE,Jakarta Barat,25 terjual,5.0
Gelifood Seblak Instan Kerupuk Mawar Bumbu Kencur Rafael Pedas Gurih,Rp15.000,Lidigeli,Kab. Garut,250+ terjual,4.9
Seblak Instan Pedas Home Made,Rp3.500,the Dhecip,Tangerang Selatan,3rb+ terjual,4.9
"Seblak Rafael, Seblak Coet Instan Halal",Rp25.000,Brother Meat Shop,Depok,250+ terjual,4.9
SEBLAK INSTANT TERMURAH,Rp4.450,Pusat Cuankie & Cemilan Frozen,Jakarta Timur,10rb+ terjual,4.8
SEBLAK INSTAN MAMANG TERMURAH,Rp4.200,global cookware1,Jakarta Barat,250+ terjual,4.9
"Kylafood Seblak Cup Instan, Halal",Rp11.500,Brother Meat Shop,Depok,80+ terjual,5.0
"seblak kering pedas 250 gr/seblak kencur/kerupuk seblak,enak dan gurih",Rp9.999,aghniya,Tangerang Selatan,500+ terjual,4.8
Gelifood Seblak Instan Kerupuk Mawar Bumbu Kencur Rafael Pedas Gurih,Rp15.000,Lidigeli,Kab. Garut,250+ terjual,4.9
"keripik beling/kaca 1/2 kg. bumbu seblak daun jeruk enak, gurih, pedas",Rp25.999,aghniya,Tangerang Selatan,250+ terjual,4.9
Seblak Instan Pedas Home Made,Rp3.500,the Dhecip,Tangerang Selatan,3rb+ terjual,4.9
seblak / paket seblak bumbu komplit pedas ekonomis,Rp3.479,Grosir Putra Bdg,Kab. Bandung,250+ terjual,4.8
Kylafood Seblak Rempah Autentik isi (5pcs),Rp43.600,kylafood,Bandung,100+ terjual,4.6
3 BASO ACI FREE SEBLAK SAJODO SNACK & FOOD,Rp63.000,Sajodo Snack & Food,Tasikmalaya,25 terjual,5.0
"bumbu seblak /boci serbaguna rasa soto - ayam bwang, 1kg",Rp27.500,TOKO RK TANGERANG,Kab. Tangerang,0,0
kerupuk seblak pedas/kerupuk jablai 250gram,Rp15.000,Warung Snackk,Tangerang,40+ terjual,4.9
KERUPUK/KRUPUK SEBLAK RASA PEDAS TERLARIS ISI 250 GRAM NETT,Rp16.695,Toko kue Sumber Mas,Jakarta Timur,250+ terjual,4.9
COMBO HALU! 5PC SEBLAK MIE HALU - EMAK INDAH FOOD,Rp99.000,Pempek Emak Indah,Jakarta Barat,6 terjual,5.0
CUANKI LIDAH KHAS GARUT 1 BAL isi 500 pcs campuran baso Aci dan seblak,Rp199.999,ArfaOnlineShop,Tangerang,12 terjual,5.0
Kerupuk Seblak Pedas / Kerupuk Seblak Merah,Rp18.000,Snackzone PP,Jakarta Pusat,22 terjual,4.0
Kerupuk seblak jengkol extra pedas 1kg krupuk jengkol pedas murah,Rp15.000,zhafran_id,Kab.Ciamis,30+ terjual,4.3
SEBLAK CUANKI KUAH CUP INSTAN PUSPA ( PUSAKA PARAHYANGAN ) SIAP SAJI,Rp12.500,Berkah Niaga Jaya,Kab. Garut,1rb+ terjual,4.9
Seblak Instan Pedas Home Made,Rp3.500,the Dhecip,Tangerang Selatan,3rb+ terjual,4.9
"Seblak Rafael, Seblak Coet Instan Halal",Rp25.000,Brother Meat Shop,Depok,250+ terjual,4.9
SEBLAK INSTANT TERMURAH,Rp4.450,Pusat Cuankie & Cemilan Frozen,Jakarta Timur,10rb+ terjual,4.8
SEBLAK INSTAN MAMANG TERMURAH,Rp4.200,global cookware1,Jakarta Barat,250+ terjual,4.9
"Kylafood Seblak Cup Instan, Halal",Rp11.500,Brother Meat Shop,Depok,80+ terjual,5.0
KERUPUK SEBLAK PEDAS / KRUPUK SEBLAK KERING DAUN JERUK PEDES,Rp25.000,LEGIT SNACK,Jakarta Barat,40+ terjual,5.0
SEBRING KRUPUK KERUPUK SEBLAK KERING PEDAS DAUN JERUK 1KG CABE ASLI,Rp16.000,Aydaa Snack,Surakarta,80+ terjual,4.9
"BATAGOR MINI KERING 100 PCS TOPING BASO ACI, SEBLAK DAN MIE INSTAN",Rp10.000,global cookware1,Jakarta Barat,750+ terjual,4.9
Kerupuk Seblak kering pedas RIKI,Rp8.800,Van Kios,Bandung,1rb+ terjual,4.9
"seblak kering pedas 250 gr/seblak kencur/kerupuk seblak,enak dan gurih",Rp9.999,aghniya,Tangerang Selatan,500+ terjual,4.8
SAMBAL SEBLAK BY MAMANG RAFAEL ORIGINAL HALAL VIRAALLL,Rp39.000,Beauty DELUXE,Jakarta Barat,17 terjual,5.0
"Seblak Rafael, Seblak Coet Instan Halal",Rp25.000,Brother Meat Shop,Depok,250+ terjual,4.9
Kerupuk Seblak Rafael Pedas / Seblak Mawar Pedes - Duo Bocil Snack,Rp15.000,DUO BOCIL SNACK,Depok,80+ terjual,5.0
Seblak RAFAEL | Seblak MAMANG RAFAEL | Seblak Viral ORIGINAL TATANGGA,Rp39.500,Beauty DELUXE,Jakarta Barat,25 terjual,5.0
Gelifood Seblak Instan Kerupuk Mawar Bumbu Kencur Rafael Pedas Gurih,Rp15.000,Lidigeli,Kab. Garut,250+ terjual,4.9
Seblak Instan Pedas Home Made,Rp3.500,the Dhecip,Tangerang Selatan,3rb+ terjual,4.9
"Seblak Rafael, Seblak Coet Instan Halal",Rp25.000,Brother Meat Shop,Depok,250+ terjual,4.9
SEBLAK INSTANT TERMURAH,Rp4.450,Pusat Cuankie & Cemilan Frozen,Jakarta Timur,10rb+ terjual,4.8
SEBLAK INSTAN MAMANG TERMURAH,Rp4.200,global cookware1,Jakarta Barat,250+ terjual,4.9
"Kylafood Seblak Cup Instan, Halal",Rp11.500,Brother Meat Shop,Depok,80+ terjual,5.0
"seblak kering pedas 250 gr/seblak kencur/kerupuk seblak,enak dan gurih",Rp9.999,aghniya,Tangerang Selatan,500+ terjual,4.8
Gelifood Seblak Instan Kerupuk Mawar Bumbu Kencur Rafael Pedas Gurih,Rp15.000,Lidigeli,Kab. Garut,250+ terjual,4.9
"keripik beling/kaca 1/2 kg. bumbu seblak daun jeruk enak, gurih, pedas",Rp25.999,aghniya,Tangerang Selatan,250+ terjual,4.9
Seblak Instan Pedas Home Made,Rp3.500,the Dhecip,Tangerang Selatan,3rb+ terjual,4.9
seblak / paket seblak bumbu komplit pedas ekonomis,Rp3.479,Grosir Putra Bdg,Kab. Bandung,250+ terjual,4.8
Gurilem Sangarrr,Rp13.000,The Little Snacks,Tangerang Selatan,1rb+ terjual,4.8
Kylafood Basreng pedas kemasan isi 5 pcs,Rp55.600,kylafood,Bandung,20 terjual,5.0
SEBLAK KENCUR ISI 20 PCS,Rp6.249,MIE LIDI KING KING,Kab. Tasikmalaya,0,0
PAKET BUNDLING INSTAN ( BOCI AYAM PEDAS 3PCS X  BOCI AYAM ORI 3PCS),Rp43.999,gudangsnacktgr19,Kab. Tangerang,0,0
Kylafood Mix Pentol Kuah dan Seblak Original,Rp40.000,kylafood,Bandung,19 terjual,5.0
Seblak basreng pedas original daun jeruk stik 100gr,Rp5.000,Seblak putra bandung,Kab. Bandung,4rb+ terjual,4.8
kerupuk oren/kerupuk seblak oren/kerupuk ikan tenggiri oren 500 gr,Rp8.900,kurniamakmur75,Depok,17 terjual,5.0
Kerupuk Seblak Berkualitas 250Gr,Rp12.000,IKAN LAUT SEGAR CAK ALFATH,Jakarta Selatan,6 terjual,5.0
kerupuk bawang mentah/kerupuk seblak/kerupuk warna warni 1kg,Rp37.000,tukangsayurjkt,Jakarta Selatan,30+ terjual,5.0
Kerupuk Bawang Seblak Bintang Mentah / Kerupuk Tersanjung 100 gram,Rp4.000,DelimaFCB,Surabaya,19 terjual,5.0
Seblak Instan Pedas Home Made,Rp3.500,the Dhecip,Tangerang Selatan,3rb+ terjual,4.9
"Seblak Rafael, Seblak Coet Instan Halal",Rp25.000,Brother Meat Shop,Depok,250+ terjual,4.9
SEBLAK INSTANT TERMURAH,Rp4.450,Pusat Cuankie & Cemilan Frozen,Jakarta Timur,10rb+ terjual,4.8
SEBLAK INSTAN MAMANG TERMURAH,Rp4.200,global cookware1,Jakarta Barat,250+ terjual,4.9
"Kylafood Seblak Cup Instan, Halal",Rp11.500,Brother Meat Shop,Depok,80+ terjual,5.0
KERUPUK SEBLAK PEDAS / KRUPUK SEBLAK KERING DAUN JERUK PEDES,Rp25.000,LEGIT SNACK,Jakarta Barat,40+ terjual,5.0
SEBRING KRUPUK KERUPUK SEBLAK KERING PEDAS DAUN JERUK 1KG CABE ASLI,Rp16.000,Aydaa Snack,Surakarta,80+ terjual,4.9
"BATAGOR MINI KERING 100 PCS TOPING BASO ACI, SEBLAK DAN MIE INSTAN",Rp10.000,global cookware1,Jakarta Barat,750+ terjual,4.9
Kerupuk Seblak kering pedas RIKI,Rp8.800,Van Kios,Bandung,1rb+ terjual,4.9
"seblak kering pedas 250 gr/seblak kencur/kerupuk seblak,enak dan gurih",Rp9.999,aghniya,Tangerang Selatan,500+ terjual,4.8
SAMBAL SEBLAK BY MAMANG RAFAEL ORIGINAL HALAL VIRAALLL,Rp39.000,Beauty DELUXE,Jakarta Barat,17 terjual,5.0
"Seblak Rafael, Seblak Coet Instan Halal",Rp25.000,Brother Meat Shop,Depok,250+ terjual,4.9
Kerupuk Seblak Rafael Pedas / Seblak Mawar Pedes - Duo Bocil Snack,Rp15.000,DUO BOCIL SNACK,Depok,80+ terjual,5.0
Seblak RAFAEL | Seblak MAMANG RAFAEL | Seblak Viral ORIGINAL TATANGGA,Rp39.500,Beauty DELUXE,Jakarta Barat,25 terjual,5.0
Gelifood Seblak Instan Kerupuk Mawar Bumbu Kencur Rafael Pedas Gurih,Rp15.000,Lidigeli,Kab. Garut,250+ terjual,4.9
Seblak Instan Pedas Home Made,Rp3.500,the Dhecip,Tangerang Selatan,3rb+ terjual,4.9
"Seblak Rafael, Seblak Coet Instan Halal",Rp25.000,Brother Meat Shop,Depok,250+ terjual,4.9
SEBLAK INSTANT TERMURAH,Rp4.450,Pusat Cuankie & Cemilan Frozen,Jakarta Timur,10rb+ terjual,4.8
SEBLAK INSTAN MAMANG TERMURAH,Rp4.200,global cookware1,Jakarta Barat,250+ terjual,4.9
"Kylafood Seblak Cup Instan, Halal",Rp11.500,Brother Meat Shop,Depok,80+ terjual,5.0
"seblak kering pedas 250 gr/seblak kencur/kerupuk seblak,enak dan gurih",Rp9.999,aghniya,Tangerang Selatan,500+ terjual,4.8
Gelifood Seblak Instan Kerupuk Mawar Bumbu Kencur Rafael Pedas Gurih,Rp15.000,Lidigeli,Kab. Garut,250+ terjual,4.9
"keripik beling/kaca 1/2 kg. bumbu seblak daun jeruk enak, gurih, pedas",Rp25.999,aghniya,Tangerang Selatan,250+ terjual,4.9
Seblak Instan Pedas Home Made,Rp3.500,the Dhecip,Tangerang Selatan,3rb+ terjual,4.9
seblak / paket seblak bumbu komplit pedas ekonomis,Rp3.479,Grosir Putra Bdg,Kab. Bandung,250+ terjual,4.8
kerupuk seblak mentah,Rp5.000,Sembakofariz,Bandung,2 terjual,5.0
KERUPUK PEDAS KRIWIL BANTAT ISI 250gr KRITING SEMBRING SEBLAK MAWAR,Rp17.248,AHR Jaya Snack,Jakarta Timur,60+ terjual,5.0
Kerupuk Kepang/Rantai Mentah Warna Warni Merk Singa Kerupuk Seblak  - 250gr,Rp7.000,Djuragan Kerupuk,Surabaya,7 terjual,0
Seblak Sultan instant,Rp14.000,Sultan Meat Shop,Medan,250+ terjual,4.8
SEBLAK KERING 100gr DUA VARIAN RASA,Rp4.500,jajanangarut19,Jakarta Selatan,250+ terjual,4.7
Kerupuk Bawang Warna Putih Dan Orange 500Gram Seblak Nasi Uduk Dll,Rp11.000,Distributor-Jaya,Tangerang,100+ terjual,4.9
Seblak makroni pedas gurih ekstra daun jeruk 100 gram,Rp5.000,Seblak putra bandung,Kab. Bandung,100+ terjual,4.8
KERUPUK SEBLAK MAKNYIK,Rp18.000,DILLADYSTORE,Malang,60+ terjual,4.9
kerupuk seblak kencur pedas 100 gram,Rp5.000,keripikususkrisis,Kab. Gresik,60+ terjual,4.9
Kerupuk Seblak Kering Sebring Pedas Daun Jeruk 100gr,Rp4.500,Pedas Gilaa,Surabaya,500+ terjual,4.9
Seblak Instan Pedas Home Made,Rp3.500,the Dhecip,Tangerang Selatan,3rb+ terjual,4.9
"Seblak Rafael, Seblak Coet Instan Halal",Rp25.000,Brother Meat Shop,Depok,250+ terjual,4.9
SEBLAK INSTANT TERMURAH,Rp4.450,Pusat Cuankie & Cemilan Frozen,Jakarta Timur,10rb+ terjual,4.8
SEBLAK INSTAN MAMANG TERMURAH,Rp4.200,global cookware1,Jakarta Barat,250+ terjual,4.9
"Kylafood Seblak Cup Instan, Halal",Rp11.500,Brother Meat Shop,Depok,80+ terjual,5.0
KERUPUK SEBLAK PEDAS / KRUPUK SEBLAK KERING DAUN JERUK PEDES,Rp25.000,LEGIT SNACK,Jakarta Barat,40+ terjual,5.0
SEBRING KRUPUK KERUPUK SEBLAK KERING PEDAS DAUN JERUK 1KG CABE ASLI,Rp16.000,Aydaa Snack,Surakarta,80+ terjual,4.9
"BATAGOR MINI KERING 100 PCS TOPING BASO ACI, SEBLAK DAN MIE INSTAN",Rp10.000,global cookware1,Jakarta Barat,750+ terjual,4.9
Kerupuk Seblak kering pedas RIKI,Rp8.800,Van Kios,Bandung,1rb+ terjual,4.9
"seblak kering pedas 250 gr/seblak kencur/kerupuk seblak,enak dan gurih",Rp9.999,aghniya,Tangerang Selatan,500+ terjual,4.8
SAMBAL SEBLAK BY MAMANG RAFAEL ORIGINAL HALAL VIRAALLL,Rp39.000,Beauty DELUXE,Jakarta Barat,17 terjual,5.0
"Seblak Rafael, Seblak Coet Instan Halal",Rp25.000,Brother Meat Shop,Depok,250+ terjual,4.9
Kerupuk Seblak Rafael Pedas / Seblak Mawar Pedes - Duo Bocil Snack,Rp15.000,DUO BOCIL SNACK,Depok,80+ terjual,5.0
Seblak RAFAEL | Seblak MAMANG RAFAEL | Seblak Viral ORIGINAL TATANGGA,Rp39.500,Beauty DELUXE,Jakarta Barat,25 terjual,5.0
Gelifood Seblak Instan Kerupuk Mawar Bumbu Kencur Rafael Pedas Gurih,Rp15.000,Lidigeli,Kab. Garut,250+ terjual,4.9
Seblak Instan Pedas Home Made,Rp3.500,the Dhecip,Tangerang Selatan,3rb+ terjual,4.9
"Seblak Rafael, Seblak Coet Instan Halal",Rp25.000,Brother Meat Shop,Depok,250+ terjual,4.9
SEBLAK INSTANT TERMURAH,Rp4.450,Pusat Cuankie & Cemilan Frozen,Jakarta Timur,10rb+ terjual,4.8
SEBLAK INSTAN MAMANG TERMURAH,Rp4.200,global cookware1,Jakarta Barat,250+ terjual,4.9
"Kylafood Seblak Cup Instan, Halal",Rp11.500,Brother Meat Shop,Depok,80+ terjual,5.0
"seblak kering pedas 250 gr/seblak kencur/kerupuk seblak,enak dan gurih",Rp9.999,aghniya,Tangerang Selatan,500+ terjual,4.8
Gelifood Seblak Instan Kerupuk Mawar Bumbu Kencur Rafael Pedas Gurih,Rp15.000,Lidigeli,Kab. Garut,250+ terjual,4.9
"keripik beling/kaca 1/2 kg. bumbu seblak daun jeruk enak, gurih, pedas",Rp25.999,aghniya,Tangerang Selatan,250+ terjual,4.9
Seblak Instan Pedas Home Made,Rp3.500,the Dhecip,Tangerang Selatan,3rb+ terjual,4.9
seblak / paket seblak bumbu komplit pedas ekonomis,Rp3.479,Grosir Putra Bdg,Kab. Bandung,250+ terjual,4.8
